URL,Page type,Lifecycle,Indexability,Sitemap,GSC impressions,GSC clicks,Position,Quality score,Evidence level,Internal links,Freshness,Lane,Primary issue,Recommended action,Promotion readiness
/industries/hospitality/,industries,,likely-indexable,see sitemap reconcile,2526,0,87.9633135391924,91,,2,GSC through 2026-08-13,indexed_improvement,TITLE_WEAK|THIN_CONTENT|POSSIBLE_INTENT_OVERLAP,OPTIMIZE_TITLE,not_ready
/categories/crm/,categories,,likely-indexable,see sitemap reconcile,1903,0,83.4100472937467,,,1165,GSC through 2026-08-13,indexed_improvement,TITLE_WEAK|POSSIBLE_INTENT_OVERLAP,OPTIMIZE_TITLE,not_ready
/industries/plumbing/,industries,,likely-indexable,see sitemap reconcile,1750,0,86.61,91,,2,GSC through 2026-08-13,indexed_improvement,TITLE_WEAK|THIN_CONTENT,OPTIMIZE_TITLE,not_ready
/industries/solar/,industries,,likely-indexable,see sitemap reconcile,1428,0,87.86,91,,1,GSC through 2026-08-13,indexed_improvement,TITLE_WEAK|THIN_CONTENT|LOW_INBOUND_LINKS,OPTIMIZE_TITLE,not_ready
/software/hubspot/,software,,likely-indexable,see sitemap reconcile,1340,0,66.38997014925373,95,,125,GSC through 2026-08-13,indexed_improvement,TITLE_WEAK|THIN_CONTENT|POSSIBLE_INTENT_OVERLAP,MANUAL_REVIEW,not_ready
/industries/real-estate/,industries,,likely-indexable,see sitemap reconcile,1172,0,76.67853242320818,91,,2,GSC through 2026-08-13,indexed_improvement,TITLE_WEAK|THIN_CONTENT,OPTIMIZE_TITLE,not_ready
/industries/event-management/,industries,,likely-indexable,see sitemap reconcile,1061,0,89.2877191328935,91,,1,GSC through 2026-08-13,indexed_improvement,TITLE_WEAK|THIN_CONTENT|LOW_INBOUND_LINKS|POSSIBLE_INTENT_OVERLAP,OPTIMIZE_TITLE,not_ready
/industries/private-equity/,industries,,likely-indexable,see sitemap reconcile,1021,0,82.7,91,,1,GSC through 2026-08-13,indexed_improvement,TITLE_WEAK|THIN_CONTENT|LOW_INBOUND_LINKS,OPTIMIZE_TITLE,not_ready
/software/activecampaign/,software,,likely-indexable,see sitemap reconcile,1019,0,77.03,95,,48,GSC through 2026-08-13,indexed_improvement,THIN_CONTENT,IMPROVE_INTRO,not_ready
/software/insightly/,software,,likely-indexable,see sitemap reconcile,938,0,71.64,95,,44,GSC through 2026-08-13,indexed_improvement,TITLE_WEAK|THIN_CONTENT|POSSIBLE_INTENT_OVERLAP,MANUAL_REVIEW,not_ready
/software/getresponse/,software,,likely-indexable,see sitemap reconcile,866,0,78.44,95,,43,GSC through 2026-08-13,indexed_improvement,THIN_CONTENT,IMPROVE_INTRO,not_ready
/industries/venture-capital/,industries,,likely-indexable,see sitemap reconcile,656,0,78.11,91,,1,GSC through 2026-08-13,indexed_improvement,TITLE_WEAK|THIN_CONTENT|LOW_INBOUND_LINKS,OPTIMIZE_TITLE,not_ready
/categories/marketing/,categories,,likely-indexable,see sitemap reconcile,622,0,60.27477491961414,,,139,GSC through 2026-08-13,indexed_improvement,TITLE_WEAK,OPTIMIZE_TITLE,not_ready
/software/keap/,software,,likely-indexable,see sitemap reconcile,567,0,66.42201058201059,95,,55,GSC through 2026-08-13,indexed_improvement,TITLE_WEAK|THIN_CONTENT|POSSIBLE_INTENT_OVERLAP,MANUAL_REVIEW,not_ready
/best/crm-software/,best,,likely-indexable,see sitemap reconcile,551,0,76.20667876588023,97,,42,GSC through 2026-08-13,indexed_improvement,TITLE_WEAK|NO_SCREENSHOTS|THIN_CONTENT|POSSIBLE_INTENT_OVERLAP,OPTIMIZE_TITLE,not_ready
/capabilities/sms-messaging/,other,,likely-indexable,see sitemap reconcile,541,0,87.83,90,,1,GSC through 2026-08-13,indexed_improvement,THIN_CONTENT|LOW_INBOUND_LINKS,IMPROVE_INTRO,not_ready
/guides/how-to-choose-crm/,guides,INDEXABLE,likely-indexable,see sitemap reconcile,507,0,84.12897435897436,95,,151,GSC through 2026-08-13,indexed_improvement,THIN_CONTENT|POSSIBLE_INTENT_OVERLAP,IMPROVE_INTRO,not_ready
/industries/nonprofit/,industries,,likely-indexable,see sitemap reconcile,504,0,79.4,91,,1,GSC through 2026-08-13,indexed_improvement,TITLE_WEAK|THIN_CONTENT|LOW_INBOUND_LINKS|POSSIBLE_INTENT_OVERLAP,OPTIMIZE_TITLE,not_ready
/industries/photography/,industries,,likely-indexable,see sitemap reconcile,479,0,81.04,91,,1,GSC through 2026-08-13,indexed_improvement,TITLE_WEAK|THIN_CONTENT|LOW_INBOUND_LINKS,OPTIMIZE_TITLE,not_ready
/industries/coaching/,industries,,likely-indexable,see sitemap reconcile,457,0,86.20999999999998,91,,1,GSC through 2026-08-13,indexed_improvement,TITLE_WEAK|THIN_CONTENT|LOW_INBOUND_LINKS,OPTIMIZE_TITLE,not_ready
/software/capsule/,software,,likely-indexable,see sitemap reconcile,431,0,52.007354988399065,95,,56,GSC through 2026-08-13,indexed_improvement,THIN_CONTENT,IMPROVE_INTRO,not_ready
/categories/ai/,categories,,likely-indexable,see sitemap reconcile,416,0,57.53086538461538,,,202,GSC through 2026-08-13,indexed_improvement,TITLE_WEAK,OPTIMIZE_TITLE,not_ready
/software/sanebox/,software,,likely-indexable,see sitemap reconcile,393,0,53.23,95,,28,GSC through 2026-08-13,indexed_improvement,TITLE_WEAK|THIN_CONTENT,MANUAL_REVIEW,not_ready
/for/freelancers/,other,,likely-indexable,see sitemap reconcile,366,0,84.4,,,2,GSC through 2026-08-13,indexed_improvement,TITLE_WEAK|WEAK_INTERNAL_LINKS|POSSIBLE_INTENT_OVERLAP,OPTIMIZE_TITLE,not_ready
/software/closely/,software,,likely-indexable,see sitemap reconcile,360,0,36.26,95,,30,GSC through 2026-08-13,indexed_improvement,TITLE_WEAK|THIN_CONTENT|POOR_CTR,MANUAL_REVIEW,not_ready
/software/navan/,software,,likely-indexable,see sitemap reconcile,353,0,54.41,95,,22,GSC through 2026-08-13,indexed_improvement,TITLE_WEAK|THIN_CONTENT,MANUAL_REVIEW,not_ready
/software/kaspr/,software,,likely-indexable,see sitemap reconcile,342,0,60.06,95,,16,GSC through 2026-08-13,indexed_improvement,TITLE_WEAK|THIN_CONTENT,MANUAL_REVIEW,not_ready
/industries/investor-relations/,industries,,likely-indexable,see sitemap reconcile,335,0,90.67,91,,1,GSC through 2026-08-13,indexed_improvement,THIN_CONTENT|LOW_INBOUND_LINKS,IMPROVE_INTRO,not_ready
/software/dynamics-365/,software,,likely-indexable,see sitemap reconcile,313,0,76.2817571884984,95,,50,GSC through 2026-08-13,indexed_improvement,THIN_CONTENT,IMPROVE_INTRO,not_ready
/software/nimble/,software,,likely-indexable,see sitemap reconcile,302,0,65.10516556291391,95,,44,GSC through 2026-08-13,indexed_improvement,TITLE_WEAK|THIN_CONTENT,MANUAL_REVIEW,not_ready
/industries/music/,industries,,likely-indexable,see sitemap reconcile,288,0,71.05538194444446,91,,1,GSC through 2026-08-13,indexed_improvement,TITLE_WEAK|THIN_CONTENT|LOW_INBOUND_LINKS,OPTIMIZE_TITLE,not_ready
/software/fastmail/,software,,likely-indexable,see sitemap reconcile,284,0,41.25,95,,30,GSC through 2026-08-13,indexed_improvement,TITLE_WEAK|THIN_CONTENT,MANUAL_REVIEW,not_ready
/industries/engineering/,industries,,likely-indexable,see sitemap reconcile,278,0,85.34,91,,1,GSC through 2026-08-13,indexed_improvement,TITLE_WEAK|THIN_CONTENT|LOW_INBOUND_LINKS,OPTIMIZE_TITLE,not_ready
/use-cases/prospecting/,use-cases,,likely-indexable,see sitemap reconcile,276,0,75.18,,,2,GSC through 2026-08-13,indexed_improvement,TITLE_WEAK,OPTIMIZE_TITLE,not_ready
/software/nicejob/,software,,likely-indexable,see sitemap reconcile,265,0,57.03,95,,9,GSC through 2026-08-13,indexed_improvement,TITLE_WEAK|THIN_CONTENT,MANUAL_REVIEW,not_ready
/software/salesforce/,software,,likely-indexable,see sitemap reconcile,264,0,80.09,95,,105,GSC through 2026-08-13,indexed_improvement,TITLE_WEAK|POSSIBLE_INTENT_OVERLAP,MANUAL_REVIEW,not_ready
/software/diginius/,software,,likely-indexable,see sitemap reconcile,258,0,34.34,90,,9,GSC through 2026-08-13,indexed_improvement,TITLE_WEAK|THIN_CONTENT|POOR_CTR,MANUAL_REVIEW,not_ready
/use-cases/analytics/,use-cases,,likely-indexable,see sitemap reconcile,249,0,86.81,,,3,GSC through 2026-08-13,indexed_improvement,TITLE_WEAK|WEAK_INTERNAL_LINKS,OPTIMIZE_TITLE,not_ready
/compare/salesforce-vs-siebel/,comparisons,INDEXABLE,likely-indexable,see sitemap reconcile,231,0,69.55,88,,8,GSC through 2026-08-13,indexed_improvement,PRICING_MISSING|NO_SCREENSHOTS|THIN_CONTENT|POSSIBLE_INTENT_OVERLAP,IMPROVE_INTRO,not_ready
/industries/financial-services/,industries,,likely-indexable,see sitemap reconcile,215,0,86.11046511627907,91,,1,GSC through 2026-08-13,indexed_improvement,THIN_CONTENT|LOW_INBOUND_LINKS,IMPROVE_INTRO,not_ready
/compare/,comparisons,,likely-indexable,see sitemap reconcile,208,0,77.76557692307692,,,2131,GSC through 2026-08-13,indexed_improvement,TITLE_WEAK,OPTIMIZE_TITLE,not_ready
/compare/pipedrive-vs-salesforce/,comparisons,INDEXABLE,likely-indexable,see sitemap reconcile,194,0,63.75,88,,8,GSC through 2026-08-13,indexed_improvement,TITLE_WEAK|PRICING_MISSING|NO_SCREENSHOTS|THIN_CONTENT|POSSIBLE_INTENT_OVERLAP,MANUAL_REVIEW,not_ready
/software/freshsales/,software,,likely-indexable,see sitemap reconcile,193,0,64.78424870466321,95,,61,GSC through 2026-08-13,indexed_improvement,TITLE_WEAK|THIN_CONTENT,OPTIMIZE_TITLE,not_ready
/software/zendesk/,software,,likely-indexable,see sitemap reconcile,182,0,66.85,95,,45,GSC through 2026-08-13,indexed_improvement,THIN_CONTENT,IMPROVE_INTRO,not_ready
/software/lusha/,software,,likely-indexable,see sitemap reconcile,182,1,54.49,95,,59,GSC through 2026-08-13,indexed_improvement,TITLE_WEAK|THIN_CONTENT,MANUAL_REVIEW,not_ready
/industries/web-design/,industries,,likely-indexable,see sitemap reconcile,170,0,87.95,91,,1,GSC through 2026-08-13,indexed_improvement,TITLE_WEAK|THIN_CONTENT|LOW_INBOUND_LINKS|POSSIBLE_INTENT_OVERLAP,OPTIMIZE_TITLE,not_ready
/use-cases/lead-management/,use-cases,,likely-indexable,see sitemap reconcile,161,0,76.39,90,,2,GSC through 2026-08-13,indexed_improvement,TITLE_WEAK|THIN_CONTENT,OPTIMIZE_TITLE,not_ready
/software/mailchimp/,software,,likely-indexable,see sitemap reconcile,160,0,62.56962500000001,95,,94,GSC through 2026-08-13,indexed_improvement,TITLE_WEAK|THIN_CONTENT,OPTIMIZE_TITLE,not_ready
/compare/pega-vs-salesforce/,comparisons,INDEXABLE,likely-indexable,see sitemap reconcile,155,0,58.51,88,,14,GSC through 2026-08-13,indexed_improvement,TITLE_WEAK|PRICING_MISSING|NO_SCREENSHOTS|THIN_CONTENT|POSSIBLE_INTENT_OVERLAP,MANUAL_REVIEW,not_ready
/compare/hubspot-vs-pipedrive/,comparisons,INDEXABLE,likely-indexable,see sitemap reconcile,150,0,67.5688,88,,10,GSC through 2026-08-13,indexed_improvement,TITLE_WEAK|PRICING_MISSING|NO_SCREENSHOTS|THIN_CONTENT|POSSIBLE_INTENT_OVERLAP,MANUAL_REVIEW,not_ready
/software/agile-crm/,software,,likely-indexable,see sitemap reconcile,149,0,71.61,95,,80,GSC through 2026-08-13,indexed_improvement,TITLE_WEAK|THIN_CONTENT|POSSIBLE_INTENT_OVERLAP,OPTIMIZE_TITLE,not_ready
/categories/ecommerce/,categories,,likely-indexable,see sitemap reconcile,144,0,39.17,,,201,GSC through 2026-08-13,indexed_improvement,TITLE_WEAK|POOR_CTR,OPTIMIZE_TITLE,not_ready
/compare/insightly-vs-salesforce/,comparisons,INDEXABLE,likely-indexable,see sitemap reconcile,142,0,54.76,88,,9,GSC through 2026-08-13,indexed_improvement,TITLE_WEAK|PRICING_MISSING|NO_SCREENSHOTS|THIN_CONTENT|POSSIBLE_INTENT_OVERLAP,MANUAL_REVIEW,not_ready
/software/close/,software,,likely-indexable,see sitemap reconcile,137,0,58.77,95,,56,GSC through 2026-08-13,indexed_improvement,TITLE_WEAK|THIN_CONTENT,OPTIMIZE_TITLE,not_ready
/compare/salesforce-vs-sugarcrm/,comparisons,INDEXABLE,likely-indexable,see sitemap reconcile,136,0,69.07264705882353,88,,13,GSC through 2026-08-13,indexed_improvement,TITLE_WEAK|PRICING_MISSING|NO_SCREENSHOTS|THIN_CONTENT|POSSIBLE_INTENT_OVERLAP,OPTIMIZE_TITLE,not_ready
/software/krispcall/,software,,likely-indexable,see sitemap reconcile,132,2,51.21,95,,15,GSC through 2026-08-13,indexed_improvement,TITLE_WEAK|THIN_CONTENT,MANUAL_REVIEW,not_ready
/industries/retail-ecommerce/,industries,,likely-indexable,see sitemap reconcile,113,0,80.98,91,,1,GSC through 2026-08-13,indexed_improvement,THIN_CONTENT|LOW_INBOUND_LINKS,IMPROVE_INTRO,not_ready
/guides/what-is-crm/,guides,INDEXABLE,likely-indexable,see sitemap reconcile,110,0,72.35809090909092,94,,44,GSC through 2026-08-13,indexed_improvement,THIN_CONTENT|POSSIBLE_INTENT_OVERLAP,IMPROVE_INTRO,not_ready
/software/netsuite/,software,,likely-indexable,see sitemap reconcile,94,0,65.72,95,,43,GSC through 2026-08-13,indexed_improvement,THIN_CONTENT,IMPROVE_INTRO,not_ready
/compare/hubspot-vs-insightly/,comparisons,INDEXABLE,likely-indexable,see sitemap reconcile,87,0,67.62,88,,13,GSC through 2026-08-13,indexed_improvement,TITLE_WEAK|PRICING_MISSING|NO_SCREENSHOTS|THIN_CONTENT|POSSIBLE_INTENT_OVERLAP,MANUAL_REVIEW,not_ready
/compare/salesforce-vs-sap/,comparisons,INDEXABLE,likely-indexable,see sitemap reconcile,84,0,84.95,88,,13,GSC through 2026-08-13,indexed_improvement,PRICING_MISSING|NO_SCREENSHOTS|THIN_CONTENT|POSSIBLE_INTENT_OVERLAP,IMPROVE_INTRO,not_ready
/compare/act-vs-salesforce/,comparisons,INDEXABLE,likely-indexable,see sitemap reconcile,71,0,74.89,88,,42,GSC through 2026-08-13,indexed_improvement,TITLE_WEAK|PRICING_MISSING|NO_SCREENSHOTS|THIN_CONTENT|POSSIBLE_INTENT_OVERLAP,OPTIMIZE_TITLE,not_ready
/industries/security-companies/,industries,,likely-indexable,see sitemap reconcile,65,0,89.18,91,,1,GSC through 2026-08-13,indexed_improvement,THIN_CONTENT|LOW_INBOUND_LINKS,IMPROVE_INTRO,not_ready
/use-cases/field-sales/,use-cases,,likely-indexable,see sitemap reconcile,63,0,81.67,90,,4,GSC through 2026-08-13,indexed_improvement,TITLE_WEAK|THIN_CONTENT,OPTIMIZE_TITLE,not_ready
/compare/monday-sales-crm-vs-salesforce/,comparisons,INDEXABLE,likely-indexable,see sitemap reconcile,59,0,66.07,88,,8,GSC through 2026-08-13,indexed_improvement,TITLE_WEAK|PRICING_MISSING|NO_SCREENSHOTS|THIN_CONTENT|POSSIBLE_INTENT_OVERLAP,MANUAL_REVIEW,not_ready
/software/pipedrive/,software,,likely-indexable,see sitemap reconcile,53,0,72.17,95,,97,GSC through 2026-08-13,indexed_improvement,TITLE_WEAK|POSSIBLE_INTENT_OVERLAP,MANUAL_REVIEW,not_ready
/compare/marketo-vs-salesforce/,comparisons,INDEXABLE,likely-indexable,see sitemap reconcile,49,0,77.16,88,,2,GSC through 2026-08-13,indexed_improvement,TITLE_WEAK|PRICING_MISSING|NO_SCREENSHOTS|THIN_CONTENT|POSSIBLE_INTENT_OVERLAP,OPTIMIZE_TITLE,not_ready
/guides/,guides,,likely-indexable,see sitemap reconcile,48,0,41.665,,,428,GSC through 2026-08-13,indexed_improvement,TITLE_WEAK,OPTIMIZE_TITLE,not_ready
/software/monday-sales-crm/,software,,likely-indexable,see sitemap reconcile,48,0,69.07937500000001,95,,50,GSC through 2026-08-13,indexed_improvement,THIN_CONTENT|POSSIBLE_INTENT_OVERLAP,IMPROVE_INTRO,not_ready
/software/miocommerce/,software,,likely-indexable,see sitemap reconcile,45,0,28.49,93,,6,GSC through 2026-08-13,indexed_improvement,NO_SCREENSHOTS|THIN_CONTENT|POOR_CTR,OPTIMIZE_TITLE,not_ready
